Campaign,Keyword,Match Type
Brasil | Pesquisa,curso,Broad
Brasil | Pesquisa,cursos,Broad
Brasil | Pesquisa,curso de,Broad
Brasil | Pesquisa,grátis,Broad
Brasil | Pesquisa,gratis,Broad
Brasil | Pesquisa,gratuito,Broad
Brasil | Pesquisa,o que é,Broad
Brasil | Pesquisa,o que e,Broad
Brasil | Pesquisa,significado,Broad
Brasil | Pesquisa,como funciona,Broad
Brasil | Pesquisa,salário,Broad
Brasil | Pesquisa,salario,Broad
Brasil | Pesquisa,quanto ganha,Broad
Brasil | Pesquisa,vaga,Broad
Brasil | Pesquisa,vagas,Broad
Brasil | Pesquisa,emprego,Broad
Brasil | Pesquisa,freelancer,Broad
Brasil | Pesquisa,freela,Broad
Brasil | Pesquisa,junior,Broad
Brasil | Pesquisa,júnior,Broad
Brasil | Pesquisa,pleno,Broad
Brasil | Pesquisa,sênior,Broad
Brasil | Pesquisa,senior,Broad
Brasil | Pesquisa,estágio,Broad
Brasil | Pesquisa,estagiário,Broad
Brasil | Pesquisa,como ser,Broad
Brasil | Pesquisa,como virar,Broad
Brasil | Pesquisa,certificação,Broad
Brasil | Pesquisa,certificacao,Broad
Brasil | Pesquisa,formação,Broad
Brasil | Pesquisa,mentoria,Broad
Brasil | Pesquisa,aula,Broad
Brasil | Pesquisa,aulas,Broad
Brasil | Pesquisa,treinamento,Broad
Brasil | Pesquisa,apostila,Broad
Brasil | Pesquisa,pdf,Broad
Brasil | Pesquisa,download,Broad
Brasil | Pesquisa,tutorial,Broad
Brasil | Pesquisa,aprender,Broad
Brasil | Pesquisa,faculdade,Broad
Brasil | Pesquisa,ferramenta,Broad
Brasil | Pesquisa,ferramentas,Broad
Brasil | Pesquisa,plugin,Broad
Brasil | Pesquisa,semrush,Broad
Brasil | Pesquisa,ahrefs,Broad
Brasil | Pesquisa,rd station,Broad
Brasil | Pesquisa,hotmart,Broad
Brasil | Pesquisa,youtube,Broad
Brasil | Pesquisa,tiktok,Broad
EUA PT | Pesquisa,curso,Broad
EUA PT | Pesquisa,cursos,Broad
EUA PT | Pesquisa,curso de,Broad
EUA PT | Pesquisa,grátis,Broad
EUA PT | Pesquisa,gratis,Broad
EUA PT | Pesquisa,gratuito,Broad
EUA PT | Pesquisa,o que é,Broad
EUA PT | Pesquisa,o que e,Broad
EUA PT | Pesquisa,significado,Broad
EUA PT | Pesquisa,como funciona,Broad
EUA PT | Pesquisa,salário,Broad
EUA PT | Pesquisa,salario,Broad
EUA PT | Pesquisa,quanto ganha,Broad
EUA PT | Pesquisa,vaga,Broad
EUA PT | Pesquisa,vagas,Broad
EUA PT | Pesquisa,emprego,Broad
EUA PT | Pesquisa,freelancer,Broad
EUA PT | Pesquisa,freela,Broad
EUA PT | Pesquisa,junior,Broad
EUA PT | Pesquisa,júnior,Broad
EUA PT | Pesquisa,pleno,Broad
EUA PT | Pesquisa,sênior,Broad
EUA PT | Pesquisa,senior,Broad
EUA PT | Pesquisa,estágio,Broad
EUA PT | Pesquisa,estagiário,Broad
EUA PT | Pesquisa,como ser,Broad
EUA PT | Pesquisa,como virar,Broad
EUA PT | Pesquisa,certificação,Broad
EUA PT | Pesquisa,certificacao,Broad
EUA PT | Pesquisa,formação,Broad
EUA PT | Pesquisa,mentoria,Broad
EUA PT | Pesquisa,aula,Broad
EUA PT | Pesquisa,aulas,Broad
EUA PT | Pesquisa,treinamento,Broad
EUA PT | Pesquisa,apostila,Broad
EUA PT | Pesquisa,pdf,Broad
EUA PT | Pesquisa,download,Broad
EUA PT | Pesquisa,tutorial,Broad
EUA PT | Pesquisa,aprender,Broad
EUA PT | Pesquisa,faculdade,Broad
EUA PT | Pesquisa,ferramenta,Broad
EUA PT | Pesquisa,ferramentas,Broad
EUA PT | Pesquisa,plugin,Broad
EUA PT | Pesquisa,semrush,Broad
EUA PT | Pesquisa,ahrefs,Broad
EUA PT | Pesquisa,rd station,Broad
EUA PT | Pesquisa,hotmart,Broad
EUA PT | Pesquisa,youtube,Broad
EUA PT | Pesquisa,tiktok,Broad
