Campaign,Ad Group,Ad Type,Headline 1,Headline 2,Headline 3,Headline 4,Headline 5,Headline 6,Headline 7,Headline 8,Headline 9,Headline 10,Headline 11,Headline 12,Headline 13,Headline 14,Headline 15,Description 1,Description 2,Description 3,Description 4,Final URL,Path 1,Path 2,Status
Brasil | Pesquisa,SEO agencia,Responsive search ad,Plano de SEO em 48 horas,Agência de SEO com método,Seu site fora do Google?,Diagnóstico de SEO grátis,10+ anos de marketing,Apareça no Google,SEO que traz cliente,Plano de ação sem custo,Análise do seu site,Sem promessa milagrosa,Agência de SEO no Brasil,Fale direto com o dono,Concorrente na sua frente?,SEO local e Google Maps,Peça seu plano hoje,Receba em 48 horas o plano que mostra por que seu site não aparece no Google.,"Análise do seu site, dos concorrentes e a ordem para atacar. Sem custo e sem contrato.",Mais de 10 anos de marketing digital e R$ 100 mil por mês em mídia gerenciada.,"Quem analisa seu site é o Lin, fundador da Etuos. Sem robô e sem estagiário.",https://etuos.com/lp/seo?utm_source=google&utm_medium=cpc&utm_campaign=br&utm_content=seo-agencia&utm_term={keyword},seo,plano-48h,Enabled
Brasil | Pesquisa,SEO consultoria,Responsive search ad,Plano de SEO em 48 horas,Agência de SEO com método,Seu site fora do Google?,Diagnóstico de SEO grátis,10+ anos de marketing,Apareça no Google,SEO que traz cliente,Plano de ação sem custo,Análise do seu site,Sem promessa milagrosa,Agência de SEO no Brasil,Fale direto com o dono,Concorrente na sua frente?,SEO local e Google Maps,Peça seu plano hoje,Receba em 48 horas o plano que mostra por que seu site não aparece no Google.,"Análise do seu site, dos concorrentes e a ordem para atacar. Sem custo e sem contrato.",Mais de 10 anos de marketing digital e R$ 100 mil por mês em mídia gerenciada.,"Quem analisa seu site é o Lin, fundador da Etuos. Sem robô e sem estagiário.",https://etuos.com/lp/seo?utm_source=google&utm_medium=cpc&utm_campaign=br&utm_content=seo-consultoria&utm_term={keyword},seo,plano-48h,Enabled
Brasil | Pesquisa,SEO resultado,Responsive search ad,Plano de SEO em 48 horas,Agência de SEO com método,Seu site fora do Google?,Diagnóstico de SEO grátis,10+ anos de marketing,Apareça no Google,SEO que traz cliente,Plano de ação sem custo,Análise do seu site,Sem promessa milagrosa,Agência de SEO no Brasil,Fale direto com o dono,Concorrente na sua frente?,SEO local e Google Maps,Peça seu plano hoje,Receba em 48 horas o plano que mostra por que seu site não aparece no Google.,"Análise do seu site, dos concorrentes e a ordem para atacar. Sem custo e sem contrato.",Mais de 10 anos de marketing digital e R$ 100 mil por mês em mídia gerenciada.,"Quem analisa seu site é o Lin, fundador da Etuos. Sem robô e sem estagiário.",https://etuos.com/lp/seo?utm_source=google&utm_medium=cpc&utm_campaign=br&utm_content=seo-resultado&utm_term={keyword},seo,plano-48h,Enabled
Brasil | Pesquisa,TP agencia,Responsive search ad,Plano de anúncios em 48h,Agência de tráfego pago,Pare de queimar dinheiro,Diagnóstico sem custo,Google e Meta Ads,Anúncio que traz cliente,Onde investir e quanto,Impulsionar post não vende,Verba e meta realistas,Gestão de tráfego pago,Fale direto com o dono,Sem contrato de fidelidade,Plano de ação grátis,10+ anos de marketing,Peça seu plano hoje,"Receba em 48 horas onde investir, quanto investir e o que esperar de retorno.",Analiso sua conta de anúncios e aponto o que está drenando verba sem retorno.,De 30 para mais de 300 franquias em 1 ano e 8 meses com marketing digital.,"Se a conta não fechar com a sua verba, eu falo. Sem promessa milagrosa.",https://etuos.com/lp/trafego-pago?utm_source=google&utm_medium=cpc&utm_campaign=br&utm_content=tp-agencia&utm_term={keyword},trafego-pago,plano-48h,Enabled
Brasil | Pesquisa,TP anunciar,Responsive search ad,Plano de anúncios em 48h,Agência de tráfego pago,Pare de queimar dinheiro,Diagnóstico sem custo,Google e Meta Ads,Anúncio que traz cliente,Onde investir e quanto,Impulsionar post não vende,Verba e meta realistas,Gestão de tráfego pago,Fale direto com o dono,Sem contrato de fidelidade,Plano de ação grátis,10+ anos de marketing,Peça seu plano hoje,"Receba em 48 horas onde investir, quanto investir e o que esperar de retorno.",Analiso sua conta de anúncios e aponto o que está drenando verba sem retorno.,De 30 para mais de 300 franquias em 1 ano e 8 meses com marketing digital.,"Se a conta não fechar com a sua verba, eu falo. Sem promessa milagrosa.",https://etuos.com/lp/trafego-pago?utm_source=google&utm_medium=cpc&utm_campaign=br&utm_content=tp-anunciar&utm_term={keyword},trafego-pago,plano-48h,Enabled
Brasil | Pesquisa,Guarda-chuva,Responsive search ad,Plano de anúncios em 48h,Agência de tráfego pago,Pare de queimar dinheiro,Diagnóstico sem custo,Google e Meta Ads,Anúncio que traz cliente,Onde investir e quanto,Impulsionar post não vende,Verba e meta realistas,Gestão de tráfego pago,Fale direto com o dono,Sem contrato de fidelidade,Plano de ação grátis,10+ anos de marketing,Peça seu plano hoje,"Receba em 48 horas onde investir, quanto investir e o que esperar de retorno.",Analiso sua conta de anúncios e aponto o que está drenando verba sem retorno.,De 30 para mais de 300 franquias em 1 ano e 8 meses com marketing digital.,"Se a conta não fechar com a sua verba, eu falo. Sem promessa milagrosa.",https://etuos.com/lp/trafego-pago?utm_source=google&utm_medium=cpc&utm_campaign=br&utm_content=tp-guardachuva&utm_term={keyword},trafego-pago,plano-48h,Enabled
Brasil | Pesquisa,Volume vigiado,Responsive search ad,Plano de anúncios em 48h,Agência de tráfego pago,Pare de queimar dinheiro,Diagnóstico sem custo,Google e Meta Ads,Anúncio que traz cliente,Onde investir e quanto,Impulsionar post não vende,Verba e meta realistas,Gestão de tráfego pago,Fale direto com o dono,Sem contrato de fidelidade,Plano de ação grátis,10+ anos de marketing,Peça seu plano hoje,"Receba em 48 horas onde investir, quanto investir e o que esperar de retorno.",Analiso sua conta de anúncios e aponto o que está drenando verba sem retorno.,De 30 para mais de 300 franquias em 1 ano e 8 meses com marketing digital.,"Se a conta não fechar com a sua verba, eu falo. Sem promessa milagrosa.",https://etuos.com/lp/trafego-pago?utm_source=google&utm_medium=cpc&utm_campaign=br&utm_content=tp-volume&utm_term={keyword},trafego-pago,plano-48h,Enabled
EUA PT | Pesquisa,SEO pt,Responsive search ad,Agência de SEO brasileira,SEO para brasileiro nos EUA,Plano de ação em 48 horas,Atendimento em português,Apareça no Google dos EUA,"Miami, Orlando e Boston",Seu negócio no Google Maps,Diagnóstico sem custo,10+ anos de experiência,SEO local nos EUA,Fale direto com o dono,Sem promessa milagrosa,Público brasileiro e local,Plano de ação grátis,Peça seu plano hoje,Agência brasileira que faz seu negócio nos EUA aparecer no Google. Em português.,Receba em 48 horas o plano que mostra por que seu site não aparece nas buscas.,"Atendo brasileiros em Miami, Orlando, Boston, Newark, Atlanta e Houston.","Falo português e inglês, trabalho no seu fuso e entendo o seu público.",https://etuos.com/lp/seo?utm_source=google&utm_medium=cpc&utm_campaign=eua&utm_content=seo-pt&utm_term={keyword},seo,plano-48h,Enabled
EUA PT | Pesquisa,SEO local pt,Responsive search ad,Agência de SEO brasileira,SEO para brasileiro nos EUA,Plano de ação em 48 horas,Atendimento em português,Apareça no Google dos EUA,"Miami, Orlando e Boston",Seu negócio no Google Maps,Diagnóstico sem custo,10+ anos de experiência,SEO local nos EUA,Fale direto com o dono,Sem promessa milagrosa,Público brasileiro e local,Plano de ação grátis,Peça seu plano hoje,Agência brasileira que faz seu negócio nos EUA aparecer no Google. Em português.,Receba em 48 horas o plano que mostra por que seu site não aparece nas buscas.,"Atendo brasileiros em Miami, Orlando, Boston, Newark, Atlanta e Houston.","Falo português e inglês, trabalho no seu fuso e entendo o seu público.",https://etuos.com/lp/seo?utm_source=google&utm_medium=cpc&utm_campaign=eua&utm_content=seo-local-pt&utm_term={keyword},seo,plano-48h,Enabled
EUA PT | Pesquisa,Marketing digital pt,Responsive search ad,Agência brasileira nos EUA,Marketing para brasileiros,Plano de ação em 48 horas,Atendimento em português,Anúncios no Google e Meta,"Miami, Orlando e Boston",Mais clientes no seu negócio,Diagnóstico sem custo,10+ anos de experiência,Pare de queimar dinheiro,Fale direto com o dono,Sem promessa milagrosa,Público brasileiro e local,Plano de ação grátis,Peça seu plano hoje,Agência brasileira de marketing digital para quem empreende nos Estados Unidos.,"Receba em 48 horas onde investir, quanto investir e o que esperar de retorno.","Atendo brasileiros em Miami, Orlando, Boston, Newark, Atlanta e Houston.","Falo português e inglês, trabalho no seu fuso e entendo o seu público.",https://etuos.com/lp/trafego-pago?utm_source=google&utm_medium=cpc&utm_campaign=eua&utm_content=mkt-digital-pt&utm_term={keyword},marketing,plano-48h,Enabled
EUA PT | Pesquisa,TP pt,Responsive search ad,Agência brasileira nos EUA,Marketing para brasileiros,Plano de ação em 48 horas,Atendimento em português,Anúncios no Google e Meta,"Miami, Orlando e Boston",Mais clientes no seu negócio,Diagnóstico sem custo,10+ anos de experiência,Pare de queimar dinheiro,Fale direto com o dono,Sem promessa milagrosa,Público brasileiro e local,Plano de ação grátis,Peça seu plano hoje,Agência brasileira de marketing digital para quem empreende nos Estados Unidos.,"Receba em 48 horas onde investir, quanto investir e o que esperar de retorno.","Atendo brasileiros em Miami, Orlando, Boston, Newark, Atlanta e Houston.","Falo português e inglês, trabalho no seu fuso e entendo o seu público.",https://etuos.com/lp/trafego-pago?utm_source=google&utm_medium=cpc&utm_campaign=eua&utm_content=tp-pt&utm_term={keyword},marketing,plano-48h,Enabled
